{
  "theme" : [
    {
      "@id" : "http:\/\/purl.obolibrary.org\/obo\/NCIT_C113725"
    }
  ],
  "publisher" : {
    "name" : "The John Walton Muscular Dystrophy Research Centre",
    "location" : {
      "country" : "United Kingdom",
      "city" : "Newcastle upon Tyne"
    }
  },
  "numberOfPatients" : 60,
  "name" : "Newcastle MRC Biobank for Rare and Neuromuscular Diseases",
  "@type" : "BiobankDataset",
  "@id" : "http:\/\/localhost:8080\/dataset\/?disease=urn:miriam:ncit:C113725&biobank=87919"
}