{
  "theme" : [
    {
      "@id" : "http:\/\/www.orpha.net\/ORDO\/Orphanet_93930"
    }
  ],
  "publisher" : {
    "name" : "Avda. Monforte de Lemos, 5",
    "location" : {
      "country" : "Spain",
      "city" : "Madrid"
    }
  },
  "numberOfPatients" : 10,
  "name" : "Biobank of the Institute of Rare Diseases Research\/Institute of Health Carlos III (IIER-ISCIII)",
  "@type" : "BiobankDataset",
  "@id" : "http:\/\/localhost:8080\/dataset\/?disease=urn:miriam:orphanet:93930&biobank=44001"
}