{
  "theme" : [
    {
      "@id" : "http:\/\/purl.obolibrary.org\/obo\/NCIT_C113725"
    }
  ],
  "publisher" : {
    "name" : "Avda. Monforte de Lemos, 5",
    "location" : {
      "country" : "Spain",
      "city" : "Madrid"
    }
  },
  "numberOfPatients" : 48,
  "name" : "Biobank of the Institute of Rare Diseases Research\/Institute of Health Carlos III (IIER-ISCIII)",
  "@type" : "BiobankDataset",
  "@id" : "http:\/\/localhost:8080\/dataset\/?disease=urn:miriam:ncit:C113725&biobank=44001"
}