{
  "theme" : [
    {
      "@id" : "http:\/\/www.orpha.net\/ORDO\/Orphanet_98896"
    }
  ],
  "publisher" : {
    "name" : "Second University of Naples - Cardiomyology and Medical Genetics",
    "location" : {
      "country" : "Italy",
      "city" : "Naples"
    }
  },
  "numberOfPatients" : 38,
  "name" : "Bank for the Diagnosis and Research on Neuromuscular Disorders (NHMGB), Cardiomyology and Medical Ge",
  "@type" : "BiobankDataset",
  "@id" : "http:\/\/localhost:8080\/dataset\/?disease=urn:miriam:orphanet:98896&biobank=76957"
}